{
    "resource_pack_name": "aladdon",
    "texture_name": "atlas.items",
    "texture_data": {
      "small_house": {
        "textures": "textures/items/small_house"
      },
      "big_house": {
        "textures": "textures/items/big_house"
      },
      "library": {
        "textures": "textures/items/library"
      },
      "farm": {
        "textures": "textures/items/farm"
      },
      "fountain": {
        "textures": "textures/items/fountain"
      },
      "hero_structure": {
        "textures": "textures/items/hero_structure"
      },
      "cheif_house": {
        "textures": "textures/items/cheif_house"
      },
      "techno": {
        "textures": "textures/items/technoblade_house"
      },
      "lighthouse": {
        "textures": "textures/items/lighthouse"
      },
      "empty_blueprint": {
        "textures": "textures/items/empty_blueprint"
      },
      "rotate_blueprint": {
        "textures": "textures/items/rotate_blueprint"
      },
      "construction_zone": {
        "textures": "textures/items/construction_zone"
      }
    }
  }