{
    "format_version": "1.16.100",
    "minecraft:item": {
      "description": {
        "identifier": "aladdon:big_house"
      },
      "components": {
          "minecraft:icon": {
              "texture": "big_house"
          },
          "minecraft:display_name": {
            "value": "Big house blueprint\n§412x15"
          },
          "minecraft:max_stack_size": 1,
          "minecraft:hand_equipped": true,
          "minecraft:allow_off_hand": true
      }
    }
  }