{
    "format_version": "1.16.100",
    "minecraft:item": {
      "description": {
        "identifier": "aladdon:construction_zone"
      },
      "components": {
          "minecraft:icon": {
              "texture": "construction_zone"
          },
          "minecraft:display_name": {
            "value": "Construction zone"
          },
          "minecraft:entity_placer": {
            "entity": "aladdon:construction_zone"
          },
          "minecraft:max_stack_size": 1,
          "minecraft:hand_equipped": true,
          "minecraft:allow_off_hand": true
      }
    }
  }