{
    "format_version": "1.16.100",
    "minecraft:item": {
      "description": {
        "identifier": "aladdon:hero_structure"
      },
      "components": {
          "minecraft:icon": {
              "texture": "hero_structure"
          },
          "minecraft:display_name": {
            "value": "hero_structure blueprint\n§47x6"
          },
          "minecraft:max_stack_size": 1,
          "minecraft:hand_equipped": true,
          "minecraft:allow_off_hand": true
      }
    }
  }