{
    "format_version": "1.16.100",
    "minecraft:item": {
      "description": {
        "identifier": "aladdon:rotate_blueprint"
      },
      "components": {
          "minecraft:icon": {
              "texture": "rotate_blueprint"
          },
          "minecraft:display_name": {
            "value": "Rotate blueprint"
          },
          "minecraft:max_stack_size": 1,
          "minecraft:hand_equipped": true,
          "minecraft:allow_off_hand": true
      }
    }
  }