{
    "format_version": "1.12",
    "minecraft:recipe_shaped": {
      "description": {
      "identifier": "aladdon:build_bench"
      },
  
      
      "tags": [ "crafting_table" ],
      "pattern": [
        "CPI",
        "XXX",
        "LBL"
      ],
      "key": {
        "C": {
          "item": "minecraft:cocoa_beans"
        },
        "P": {
            "item": "minecraft:paper"
        },
        "I": {
            "item": "minecraft:iron_ingot"
        },
        "X": {
            "item": "minecraft:planks"
        },
        "L": {
            "item": "minecraft:log"
        },
        "B": {
          "item": "minecraft:brown_dye"
        }
      },
      
      "result": {
        "item": "aladdon:build_bench"
      }
    }
  }