{
    "format_version": "1.12",
    "minecraft:recipe_shaped": {
      "description": {
      "identifier": "aladdon:construction_zone"
      },
  
      
      "tags": [ "craftable_build_bench" ],
      "pattern": [
        " X ",
        "X#X",
        "XXX"
      ],
      "key": {
        "X": {
          "item": "minecraft:copper_ingot"
        },
        "#": {
            "item": "minecraft:oak_sign"
        }
      },
      
      "result": {
        "item": "aladdon:construction_zone"
      }
    }
  }