{
    "format_version": "1.12",
    "minecraft:recipe_shaped": {
      "description": {
      "identifier": "aladdon:empty_blueprint"
      },
  
      
      "tags": [ "craftable_build_bench" ],
      "pattern": [
        "XXX",
        "XXX",
        " # "
      ],
      "key": {
        "X": {
          "item": "minecraft:paper"
        },
        "#": {
            "item": "minecraft:blue_dye"
        }
      },
      
      "result": {
        "item": "aladdon:empty_blueprint"
      }
    }
  }