{
	"format_version": "1.8.0",
	"animations": {
		"animation.builder_villager.stand": {
			"loop": true,
			"animation_length": 0.5,
			"bones": {
				"pen": {
					"scale": 0
				},
				"blueprint": {
					"scale": 0
				}
			}
		},
		"animation.builder_villager.walk": {
			"loop": true,
			"animation_length": 0.41667,
			"bones": {
				"leg0": {
					"rotation": {
						"0.0": [-40, 0, 0],
						"0.2083": [40, 0, 0],
						"0.4167": [-40, 0, 0]
					}
				},
				"leg1": {
					"rotation": {
						"0.0": [40, 0, 0],
						"0.2083": [-40, 0, 0],
						"0.4167": [40, 0, 0]
					}
				},
				"pen": {
					"scale": 0
				},
				"blueprint": {
					"scale": 0
				}
			}
		},
		"animation.builder_villager.sleep": {
			"loop": true,
			"animation_length": 0.5,
			"bones": {
				"all": {
					"rotation": [-90, 0, 0],
					"position": [0, 1, -16]
				},
				"pen": {
					"scale": 0
				},
				"blueprint": {
					"scale": 0
				}
			}
		},
		"animation.builder_villager.build": {
			"loop": true,
			"animation_length": 7.79167,
			"bones": {
				"head": {
					"rotation": {
						"0.0": [15, 0, 0],
						"0.25": [15.12353, 7.24305, 1.95155],
						"0.5": [15.12353, 7.24305, 1.95155],
						"0.75": [15.12353, -7.24305, -1.95155],
						"1.0": [15.12353, -7.24305, -1.95155],
						"1.25": [15, 0, 0],
						"1.75": [15, 0, 0],
						"2.0417": [-10, 0, 0],
						"2.4583": [-10, 0, 0],
						"2.7917": [15, 0, 0],
						"5.2083": [15, 0, 0],
						"5.5": [15.12353, 7.24305, 1.95155],
						"5.75": [15.12353, 7.24305, 1.95155],
						"6.0": [15.12353, -7.24305, -1.95155],
						"6.25": [15.12353, -7.24305, -1.95155],
						"6.5": [15, 0, 0]
					}
				},
				"arms": {
					"rotation": {
						"0.0": [0, 0, 0],
						"1.0": [-5, 0, 0],
						"2.0833": [0, 0, 0],
						"3.25": [-5, 0, 0],
						"4.5": [0, 0, 0]
					},
					"position": [0, 0, 0]
				},
				"pen": {
					"rotation": [-152.5, 0, 0],
					"position": {
						"0.0": [0, 12, -5],
						"1.0": [0, 12.5, -5.25],
						"2.0833": [0, 12, -5],
						"3.25": [0, 12.5, -5.25],
						"4.5": [0, 12, -5]
					}
				},
				"blueprint": {
					"rotation": [-22.5, 0, -90],
					"position": {
						"0.0": [1, 6.95, -8.25],
						"1.0": [1, 7.45, -8.25],
						"2.0833": [1, 6.95, -8.25],
						"3.25": [1, 7.45, -8.25],
						"4.5": [1, 6.95, -8.25]
					}
				},
				"right2": {
					"rotation": [0, 0, 0]
				},
				"left2": {
					"rotation": [0, 0, 0]
				},
				"right3": {
					"rotation": [0, 0, 12.5]
				},
				"left3": {
					"rotation": [0, 0, -10]
				}
			}
		}
	}
}