{
  "format_version": "1.13.0",
  "minecraft:entity": {
    "description": {
      "identifier": "minecraft:boat",
      "is_spawnable": false,
      "is_summonable": true,
      "is_experimental": false
    },

    "components": {
      "minecraft:type_family": {
        "family": [ "boat", "inanimate" ]
      },
      "minecraft:collision_box": {
        "width": 1.4,
        "height": 0.455
      },
      "minecraft:hurt_on_condition": {
        "damage_conditions": [
          {
            "filters": { "test": "in_lava", "subject": "self", "operator": "==", "value": true },
            "cause": "lava",
            "damage_per_tick": 4
          }
        ]
      },
      "minecraft:loot": {
        "table": "loot_tables/entities/boat.json"
      },
      "minecraft:leashable": {
        "soft_distance": 4.0,
        "hard_distance": 6.0,
        "max_distance": 10.0
      },
      "minecraft:rideable": {
        "seat_count": 2,
        "family_types": [
          "mob",
          "player"
        ],
        "interact_text": "action.interact.ride.boat",
        "pull_in_entities": true,

        "seats": [
          {
            "position": [ 0.0, -0.2, 0.0 ],
            "min_rider_count": 0,
            "max_rider_count": 1,

            "rotate_rider_by": -90,
            "lock_rider_rotation": 90
          },
          {
            "position": [ 0.2, -0.2, 0.0 ],
            "min_rider_count": 2,
            "max_rider_count": 2,

            "rotate_rider_by": -90,
            "lock_rider_rotation": 90
          },
          {
            "position": [ -0.6, -0.2, 0.0 ],
            "min_rider_count": 2,
            "max_rider_count": 2,

            "lock_rider_rotation": 90
          }
        ]
      },
      "minecraft:is_stackable": {
      },
      "minecraft:physics": {
      },
      "minecraft:pushable": {
        "is_pushable": true,
        "is_pushable_by_piston": true
      }
    }
  }
}