{
	"format_version": "1.10.0",
	"geometry.builder_villager": {
		"texturewidth": 64,
		"textureheight": 64,
		"visible_bounds_width": 3,
		"visible_bounds_height": 3,
		"visible_bounds_offset": [0, 1.5, 0],
		"bones": [
			{
				"name": "all",
				"pivot": [0, 0, 0]
			},
			{
				"name": "head",
				"parent": "all",
				"pivot": [0, 24, 0],
				"cubes": [
					{"origin": [-4, 24, -4], "size": [8, 10, 8], "uv": [0, 0]},
					{"origin": [-3.5, 34, -3.5], "size": [7, 1, 7], "uv": [28, 56]},
					{"origin": [-3.9, 30.9, -7.5], "size": [7.8, 1.6, 4], "uv": [28, 59]},
					{"origin": [-4.5, 30.9, -4.1], "size": [9.1, 1.6, 8.6], "uv": [28, 10]}
				]
			},
			{
				"name": "nose",
				"parent": "head",
				"pivot": [0, 26, 0],
				"cubes": [
					{"origin": [-1, 23, -6], "size": [2, 4, 2], "uv": [24, 0]}
				]
			},
			{
				"name": "body",
				"parent": "all",
				"pivot": [0, 0, 0],
				"cubes": [
					{"origin": [-4, 12, -3], "size": [8, 12, 6], "uv": [16, 20]},
					{"origin": [-4, 8, -3], "size": [8, 16, 6], "uv": [0, 38], "inflate": 0.5}
				]
			},
			{
				"name": "arms",
				"parent": "all",
				"pivot": [0, 22, -0.5],
				"rotation": [-55, 0, 0]
			},
			{
				"name": "left3",
				"parent": "arms",
				"pivot": [5, 22, -0.5]
			},
			{
				"name": "left",
				"parent": "left3",
				"pivot": [0, 22, -0.5],
				"cubes": [
					{"origin": [4, 16, -2.5], "size": [4, 8, 4], "uv": [44, 22]}
				]
			},
			{
				"name": "left2",
				"parent": "left3",
				"pivot": [0, 22, -0.5],
				"cubes": [
					{"origin": [0, 16, -2.5], "size": [4, 4, 4], "uv": [40, 38]}
				]
			},
			{
				"name": "right3",
				"parent": "arms",
				"pivot": [-5, 22, -0.5]
			},
			{
				"name": "right2",
				"parent": "right3",
				"pivot": [-4, 18, -0.5],
				"cubes": [
					{"origin": [-4, 16, -2.5], "size": [4, 4, 4], "uv": [40, 38]}
				]
			},
			{
				"name": "right",
				"parent": "right3",
				"pivot": [0, 22, -0.5],
				"cubes": [
					{"origin": [-8, 16, -2.5], "size": [4, 8, 4], "uv": [44, 22]}
				]
			},
			{
				"name": "leg0",
				"parent": "all",
				"pivot": [-2, 12, 0],
				"cubes": [
					{"origin": [-4, 0, -2], "size": [4, 12, 4], "uv": [0, 22]}
				]
			},
			{
				"name": "leg1",
				"parent": "all",
				"pivot": [2, 12, 0],
				"cubes": [
					{"origin": [0, 0, -2], "size": [4, 12, 4], "uv": [0, 22]}
				]
			},
			{
				"name": "pen",
				"parent": "all",
				"pivot": [-2.3, 10.6, -1],
				"rotation": [-90, 0, 0],
				"cubes": [
					{"origin": [-3.3, 10.6, -5], "size": [1, 1, 5], "uv": [43, 1]},
					{"origin": [-3.3, 10.6, -0.2], "size": [1, 1, 1], "uv": [43, 1], "inflate": -0.2},
					{"origin": [-3.4, 10.5, -0.6], "size": [1.2, 1.2, 1], "uv": [57, 12], "inflate": -0.2}
				]
			},
			{
				"name": "blueprint",
				"parent": "all",
				"pivot": [-0.4, 13.8, -0.15],
				"rotation": [0, 0, 90],
				"cubes": [
					{"origin": [-6.15, 13.50995, -3.40429], "size": [11, 1, 7], "uv": [28, 47], "inflate": -0.4}
				]
			}
		]
	}
}