{
	"format_version": "1.12.0",
	"minecraft:geometry": [
		{
			"description": {
				"identifier": "geometry.buildbench",
				"texture_width": 64,
				"texture_height": 64,
				"visible_bounds_width": 3,
				"visible_bounds_height": 2.5,
				"visible_bounds_offset": [0, 0.75, 0]
			},
			"bones": [
				{
					"name": "hammer",
					"pivot": [0, 0, 0],
					"cubes": [
						{"origin": [2, 12.3, -2.3], "size": [1.3, 1.4, 5], "pivot": [8, 0, -8], "rotation": [6.5, 12.5, 0], "uv": [27, 37]},
						{"origin": [0.1, 11.5, 2.7], "size": [5, 3, 3], "pivot": [8, 0, -8], "rotation": [6.5, 12.5, 0], "uv": [0, 9]}
					]
				},
				{
					"name": "table",
					"pivot": [0, 0, 0],
					"cubes": [
						{"origin": [-8, 5, -8], "size": [16, 8, 16], "uv": [0, 0]},
						{"origin": [-8, 0, 4], "size": [4, 5, 4], "uv": [32, 28]},
						{"origin": [4, 0, 4], "size": [4, 5, 4], "uv": [16, 32]},
						{"origin": [-8, 0, -8], "size": [4, 5, 4], "uv": [0, 32]},
						{"origin": [4, 0, -8], "size": [4, 5, 4], "uv": [0, 0]}
					]
				},
				{
					"name": "blueprint",
					"pivot": [-3.4, 13.3, -5.4],
					"cubes": [
						{"origin": [-7.15, 12.6, -6.975], "size": [11, 1, 7], "inflate": -0.4, "pivot": [-3.4, 13.3, -5.4], "rotation": [0, -15, 0], "uv": [0, 24]}
					]
				},
				{
					"name": "pen",
					"pivot": [0, 0, 0],
					"cubes": [
						{"origin": [-1, 13, -3], "size": [1, 1, 4], "inflate": -0.3, "uv": [40, 38]},
						{"origin": [-1, 13, 0.2], "size": [1, 1, 1], "inflate": -0.35, "uv": [0, 24]},
						{"origin": [-1, 13, 0.4], "size": [1, 1, 1], "inflate": -0.4, "uv": [12, 2]}
					]
				},
				{
					"name": "coffee",
					"pivot": [-0.6, -1, -1],
					"rotation": [0, 12.5, 0],
					"cubes": [
						{"origin": [-5.9, 13, 2], "size": [2, 2, 2], "uv": [29, 24]},
						{"origin": [-3.9, 13.5, 2.5], "size": [1, 1, 1], "uv": [12, 0]},
						{"origin": [-5.975, 14, 1.975], "size": [2.1, 1, 2.025], "inflate": -0.1, "uv": [12, 32]}
					]
				},
				{
					"name": "pen2",
					"pivot": [2, 0, -2],
					"rotation": [0, 30, 0],
					"cubes": [
						{"origin": [1, 13, -5], "size": [1, 1, 4], "inflate": -0.3, "uv": [34, 37]},
						{"origin": [1, 13, -1.8], "size": [1, 1, 1], "inflate": -0.35, "uv": [0, 2]},
						{"origin": [1, 13, -1.6], "size": [1, 1, 1], "inflate": -0.4, "uv": [0, 0]}
					]
				}
			]
		}
	]
}