{
	"format_version" : "1.10.0",
	"animation_controllers" : {
		"controller.animation.builder_villager.general" : {
			"initial_state" : "stand",
			"states" : {
                "stand" : {
					"animations" : [ "stand" ],
					"transitions" : [{"walk": "query.ground_speed >= 0.7"},
                    {"sleep": "query.is_sleeping"},
                    { "build": "query.is_sheared" }
					],"blend_transition": 0.3
				},
				"walk" : {
					"animations" : [ "walk" ],
					"transitions" : [
						 { "stand": "query.ground_speed < 0.7" },
                         {"sleep": "query.is_sleeping"},
                         { "build": "query.is_sheared" }
						],
						"blend_transition": 0.3
				},
                "sleep" : {
					"animations" : [ "sleep" ],
					"transitions" : [
						 { "stand": "!query.is_sleeping" }
						],
						"blend_transition": 0.3
				},
                "build" : {
					"animations" : [ "build" ],
					"transitions" : [
						 { "stand": "!query.is_sheared" }
						],
						"blend_transition": 0.3
				}
			}

		}
	}
}