{
	"format_version": "1.16.100",
	"minecraft:block": {
		"description": {
			"identifier": "aladdon:build_bench",
			"properties": {
				"aladdon:rotation": [2, 3, 4, 5]
			}
		},
		"components": {
			"minecraft:crafting_table":{
				"custom_description": "Build bench",
				"grid_size": 3,
				"crafting_tags": [
					"craftable_build_bench"
				]
			},
			"minecraft:on_player_placing": {
				"event": "aladdon:set_rotation"
			},
			"minecraft:creative_category": {
				"group": "itemGroup.name.items",
				"category": "items"
			},
			"minecraft:flammable": {
				"flame_odds": 8,
				"burn_odds": 8
			},
			"minecraft:map_color": "#75461c",
			"minecraft:destroy_time": 3,
			"minecraft:geometry": "geometry.buildbench",
			
			"minecraft:material_instances": {
				"*": {
					"texture": "buildbench",
					"render_method": "alpha_test"
				}
			},
			"minecraft:block_light_emission": 0,
			"minecraft:block_light_absorption": 0,
			"minecraft:pick_collision": {
				"origin": [
					-8,
					0,
					-8
				],
				"size": [
					16,
					13,
					16
				]
			},
			"minecraft:entity_collision": {
				"origin": [
					-8,
					0,
					-8
				],
				"size": [
					16,
					13,
					16
				]
			},
			"minecraft:loot": "loot_tables/blocks/build_bench.json"
		},
		"permutations": [
			{
				"condition": "query.block_property('aladdon:rotation') == 2",
				"components": {
					"minecraft:rotation": [0, 180, 0]
				}
			},
			{
				"condition": "query.block_property('aladdon:rotation') == 3",
				"components": {
					"minecraft:rotation": [0, 0, 0]
				}
			},
			{
				"condition": "query.block_property('aladdon:rotation') == 4",
				"components": {
					"minecraft:rotation": [0, 270, 0]
				}
			},
			{
				"condition": "query.block_property('aladdon:rotation') == 5",
				"components": {
					"minecraft:rotation": [0, 90, 0]
				}
			}
		],
		"events": {
			"aladdon:set_rotation": {
				"set_block_property": {
					"aladdon:rotation": "(query.cardinal_facing_2d)"
				}
			}
		}
	}
}