{
    "tiers": [
      {
        "trades": [
          {
            "wants": [
              {
                "item": "aladdon:empty_blueprint",
                "quantity": 1
              },
              {
                "item": "minecraft:emerald",
                "quantity": 25
              }
            ],
            "gives": [
              {
                "item": "aladdon:small_house",
                "quantity": 1
              }
            ]
          },
          {
            "wants": [
              {
                "item": "aladdon:empty_blueprint",
                "quantity": 1
              },
              {
                "item": "minecraft:emerald",
                "quantity": 35
              }
            ],
            "gives": [
              {
                "item": "aladdon:lighthouse",
                "quantity": 1
              }
            ]
          },
          {
            "wants": [
              {
                "item": "aladdon:empty_blueprint",
                "quantity": 1
              },
              {
                "item": "minecraft:emerald",
                "quantity": 50
              }
            ],
            "gives": [
              {
                "item": "aladdon:big_house",
                "quantity": 1
              }
            ]
          },
          {
            "wants": [
              {
                "item": "aladdon:empty_blueprint",
                "quantity": 1
              },
              {
                "item": "minecraft:emerald_block",
                "quantity": 30
              }
            ],
            "gives": [
              {
                "item": "aladdon:library",
                "quantity": 1
              }
            ]
          },
          {
            "wants": [
              {
                "item": "aladdon:empty_blueprint",
                "quantity": 1
              },
              {
                "item": "minecraft:emerald",
                "quantity": 20
              }
            ],
            "gives": [
              {
                "item": "aladdon:farm",
                "quantity": 1
              }
            ]
          },
          {
            "wants": [
              {
                "item": "aladdon:empty_blueprint",
                "quantity": 1
              },
              {
                "item": "minecraft:emerald",
                "quantity": 50
              }
            ],
            "gives": [
              {
                "item": "aladdon:fountain",
                "quantity": 1
              }
            ]
          },
          {
            "wants": [
              {
                "item": "aladdon:empty_blueprint",
                "quantity": 1
              },
              {
                "item": "minecraft:emerald",
                "quantity": 40
              }
            ],
            "gives": [
              {
                "item": "aladdon:hero_structure",
                "quantity": 1
              }
            ]
          },
          {
            "wants": [
              {
                "item": "aladdon:empty_blueprint",
                "quantity": 1
              },
              {
                "item": "minecraft:emerald",
                "quantity": 60
              }
            ],
            "gives": [
              {
                "item": "aladdon:techno",
                "quantity": 1
              }
            ]
          },
          {
            "wants": [
              {
                "item": "aladdon:empty_blueprint",
                "quantity": 1
              },
              {
                "item": "minecraft:emerald",
                "quantity": 35
              }
            ],
            "gives": [
              {
                "item": "aladdon:cheif_house",
                "quantity": 1
              }
            ]
          }
        ]
      }
    ]
  }
  