{
  "format_version": "1.10.0",
  "minecraft:client_entity": {
    "description": {
      "identifier": "aladdon:builder_villager",
      "materials": { "default": "iron_golem" },
      "textures": {
        "default": "textures/entity/builder_villager"
      },
      "geometry": {
        "default": "geometry.builder_villager"
      },
      "render_controllers": [ "controller.render.default" ],
      "scripts": {
        "animate": [
          "movements",
          "look_at_target"
        ]
      },
      "animations": {
        "walk": "animation.builder_villager.walk",
        "stand": "animation.builder_villager.stand",
        "sleep": "animation.builder_villager.sleep",
        "build": "animation.builder_villager.build",
        "movements": "controller.animation.builder_villager.general",
        "look_at_target": "animation.common.look_at_target"
      }
    }
  }
}