{
  "format_version": "1.10.0",
  "minecraft:client_entity": {
    "description": {
      "identifier": "aladdon:construction_zone",
      "materials": { "default": "iron_golem" },
      "textures": {
        "default": "textures/entity/construction_zone"
      },
      "geometry": {
        "default": "geometry.construction_zone"
      },
      "render_controllers": [ "controller.render.default" ],
      "scripts": {
        "animate": [
          "movements"
        ]
      },
      "animations": {
        "move": "animation.construction_zone.move",
        "movements": "controller.animation.construction_zone.general"
      }
    }
  }
}